Time (s),ESC signal (µs),Servo 1 (µs),Servo 2 (µs),Servo 3 (µs),Thrust (kgf),Voltage (V),Current (A),Motor Electrical Speed (RPM),Motor Optical Speed (RPM),Electrical Power (W),Overall Efficiency (kgf/W),App message,95% settling time (s),Max acceleration (RPM/s),
0,1000,,,,0.0031010513822511635,16.296071890975323,0.03798267232081994,0,0,0.6189683587514403,0,,
0,1000,,,,0.0031010513822511635,16.29597620873628,0.038973486142430035,0,0,0.6351110029485529,0,,
0.023,1000,,,,0.0031010513822511635,16.29617121989723,0.04373234632037083,0,0,0.7126698034846056,0,,
0.048,1000,,,,0.0031010513822511635,16.295789597934075,0.043636088891737146,0,0,0.7110845234564969,0,,
0.074,1000,,,,0.002946280832414039,16.295319077179276,0.044271239912281976,0,0,0.7214139803129891,0,,
0.09700499999895693,1000,,,,0.002946280832414039,16.295020934294545,0.047665836619951836,0,0,0.7767158055727788,0,,
0.11999999999813736,1000,,,,0.002946280832414039,16.295147058466796,0.04642792147511435,0,0,0.756549808055937,0,,
0.1420049999989569,1000,,,,0.002946280832414039,16.29600610597899,0.04247745568803918,0,0,0.6922128772587384,0,,
0.166,1000,,,,0.002946280832414039,16.296091522067403,0.037802492823306055,0,0,0.6160328828108916,0,,
0.189,1000,,,,0.002946280832414039,16.296386385849704,0.035847719298220664,0,0,0.584188284735285,0,,
0.214,1000,,,,0.0024385861381114727,16.296821541409034,0.038494455300723686,0,0,0.627337268369641,0,,
0.2390049999989569,1000,,,,0.0024385861381114727,16.296327376222877,0.041443877157460715,0,0,0.675382989897945,0,,
0.262,1000,,,,0.0024385861381114727,16.295990067568916,0.045416485104489424,0,0,0.7401065901666513,0,,
0.2840049999989569,1000,,,,0.0024385861381114727,16.29591260628949,0.042531517977959885,0,0,0.6930898999816646,0,,
0.309,1000,,,,0.0024385861381114727,16.296010837204598,0.042186740866802186,0,0,0.6874755863517505,0,,
0.333,1000,,,,0.0024385861381114727,16.296714316668115,0.039979212738763016,0,0,0.6515298086089195,0,,
0.357,1000,,,,0.0013796441765513857,16.296848671976182,0.04110572639803537,0,0,0.6698938026604391,0,,
0.38200499999895693,1000,,,,0.0013796441765513857,16.29720941551399,0.03887126371450474,0,0,0.633493125000954,0,,
0.4080049999989569,1000,,,,0.0013796441765513857,16.297490210073867,0.04119301122970863,0,0,0.6713426972396392,0,,
0.431,1000,,,,0.0013796441765513857,16.297506385985532,0.0442844160627405,0,0,0.7217255535821535,0,,
0.45400499999895694,1000,,,,0.0013796441765513857,16.29708154887873,0.0477534296716948,0,0,0.7782415375982553,0,,
0.47699999999813736,1000,,,,0.0013796441765513857,16.297243669242768,0.04596117650901833,0,0,0.7490404928925484,0,,
0.502,1000,,,,0.0009162593721321858,16.297414463105063,0.044157126494179744,0,0,0.7196469919754047,0,,
0.5240049999989569,1000,,,,0.0009162593721321858,16.29741655506713,0.0418489145241541,0,0,0.6820291923775383,0,,
0.547,1000,,,,0.0009162593721321858,16.297557244244494,0.03891804935724187,0,0,0.634269137233982,0,,
0.573,1000,,,,0.0009162593721321858,16.29674082473287,0.03724844318423285,0,0,0.6070282246982303,0,,
0.597004999998957,1000,,,,0.0009162593721321858,16.29651761796709,0.03945088992453877,0,0,0.6429121226997264,0,,
0.621,1000,,,,0.0009162593721321858,16.296359705055355,0.03898971524789334,0,0,0.6353904244773514,0,,
0.645,1000,,,,0.0009162593721321858,16.29583060861299,0.03159078681436396,0,0,0.51479811071968,0,,
0.6680049999989569,1000,,,,0.0012425023902117888,16.29602634488841,0.036692572103867185,0,0,0.5979431216663372,0,,
0.6919999999981373,1000,,,,0.0012425023902117888,16.296142797160957,0.036243971205000766,0,0,0.5906369302928823,0,,
0.717,1000,,,,0.0012425023902117888,16.296123044225986,0.04027666949659188,0,0,0.6563535619280848,0,,
0.742,1000,,,,0.0012425023902117888,16.296191883428943,0.04052692792866078,0,0,0.6604345939713515,0,,
0.7650049999989569,1000,,,,0.0012425023902117888,16.2959326720143,0.03779605598810432,0,0,0.615921983649831,0,,
0.7899999999981373,1000,,,,0.0012425023902117888,16.296108412841225,0.035280978938404255,0,0,0.5749426576914036,0,,
0.815,1000,,,,0.00288399712147681,16.295885617041723,0.03906822392018366,0,0,0.6366513082642863,0,,
0.839,1000,,,,0.00288399712147681,16.296208206941568,0.04344136454926646,0,0,0.7079295214884966,0,,
0.8619999999981374,1000,,,,0.00288399712147681,16.297137267487678,0.04451875940248765,0,0,0.7255283329605989,0,,
0.885,1000,,,,0.00288399712147681,16.296364442880666,0.04472769349103185,0,0,0.7288987938193165,0,,
0.911,1000,,,,0.00288399712147681,16.296915676932585,0.04295673250996104,0,0,0.7000622474713838,0,,
0.9350049999989569,1000,,,,0.00288399712147681,16.29693772538833,0.04642196760165926,0,0,0.7565359150942356,0,,
0.958,1000,,,,0.003565309371846644,16.297525427815273,0.045133695268646995,0,0,0.7355675462920402,0,,
0.981004999998957,1000,,,,0.003565309371846644,16.297289382899883,0.042672533383820516,0,0,0.6954466252575789,0,,
1.0039999999981373,1000,,,,0.003565309371846644,16.297367404436688,0.04636677884967821,0,0,0.7556564302734701,0,,
1.029,1000,,,,0.003565309371846644,16.298010378924374,0.048884456675762515,0,0,0.7967193822696563,0,,
1.052004999998957,1000,,,,0.003565309371846644,16.297570105182434,0.048681685710346145,0,0,0.7933931857028242,0,,
1.0759999999981373,1000,,,,0.003565309371846644,16.298011994107007,0.05051304221580907,0,0,0.8232621678920898,0,,
1.099,1000,,,,0.0035418822018031112,16.298715275679342,0.04912132409584013,0,0,0.8006144754024652,0,,
1.122004999998957,1000,,,,0.0035418822018031112,16.2989294850288,0.046559551098147856,0,0,0.7588708402033072,0,,
1.146,1000,,,,0.0035418822018031112,16.29836069791001,0.046421686185820384,0,0,0.756597385661687,0,,
1.169,1000,,,,0.0035418822018031112,16.29891198128534,0.044759949083760985,0,0,0.7295384704030337,0,,
1.1919999999981374,1000,,,,0.0035418822018031112,16.299265007090085,0.05058656688470022,0,0,0.8245238594526164,0,,
1.216,1000,,,,0.0035418822018031112,16.299647179967394,0.04637709973404085,0,0,0.7559303628950255,0,,
1.241,1000,,,,0.0035418822018031112,16.299656296530404,0.04776839032182687,0,0,0.7786083440842874,0,,
1.264,1000,,,,0.0034364677772794464,16.29914960331517,0.04729828197812044,0,0,0.7709217739411708,0,,
1.288,1000,,,,0.0034364677772794464,16.298863021856395,0.0450745501287789,0,0,0.7346639183207668,0,,
1.312,1000,,,,0.0034364677772794464,16.29898666317181,0.040827958085810356,0,0,0.6654543443251607,0,,
1.3339999999981373,1000,,,,0.0034364677772794464,16.298461974749703,0.044088554309316165,0,0,0.7185756259320767,0,,
1.357,1000,,,,0.0034364677772794464,16.29846222287913,0.046643185170970124,0,0,0.7602121914638127,0,,
1.3810049999989569,1000,,,,0.0034364677772794464,16.297966472036187,0.044414256430745494,0,0,0.7238620621887076,0,,
1.405,1000,,,,0.003099812934965272,16.297831888383534,0.04566137877727983,0,0,0.7441814751039104,0,,
1.428,1000,,,,0.003099812934965272,16.297798767343743,0.044829901815259136,0,0,0.7306287185448713,0,,
1.4509999999981373,1000,,,,0.003099812934965272,16.29801182754982,0.044862434675597994,0,0,0.7311684909555773,0,,
1.474,1000,,,,0.003099812934965272,16.29814929577072,0.04501861594715934,0,0,0.7337201237957676,0,,
1.497004999998957,1000,,,,0.003099812934965272,16.299310531526146,0.04166779010627104,0,0,0.6791562501045645,0,,
1.521,1000,,,,0.003099812934965272,16.29905790713395,0.05118834786083994,0,0,0.8343218459543464,0,,
1.544,1000,,,,0.003099812934965272,16.299102114350884,0.05157768936440291,0,0,0.8406700257726725,0,,
1.568,1000,,,,0.0032655208996507966,16.299099129418288,0.04626342772329477,0,0,0.7540521945286596,0,,
1.592,1000,,,,0.0032655208996507966,16.2993552919101,0.04792217778357474,0,0,0.7811006020565656,0,,
1.616,1000,,,,0.0032655208996507966,16.299445822203175,0.04629400499389379,0,0,0.7545666262907751,0,,
1.639,1000,,,,0.0032655208996507966,16.29989238301423,0.04586083603561709,0,0,0.7475266919756196,0,,
1.662,1000,,,,0.0032655208996507966,16.29990758047943,0.041831856048738895,0,0,0.6818553875143635,0,,
1.6860049999989568,1000,,,,0.0032655208996507966,16.299766666746002,0.04420858424935881,0,0,0.720589607931731,0,,undefined,0,
1.7089999999981373,1000,,,,0.0030184411435113558,16.29949879856533,0.04558885289909657,0,0,0.7430754530567961,0,,
1.735,1100,,,,0.0030184411435113558,16.29890482864791,0.04969145798830154,0,0,0.8099163445480827,0,,
1.759,1100,,,,0.0030184411435113558,16.29939016216782,0.047913168257664035,0,0,0.7809554233372606,0,,
1.78,1100,,,,0.0030184411435113558,16.299740701868792,0.048327535209572815,0,0,0.7877262926764712,0,,
1.804,1100,,,,0.0030184411435113558,16.299258815286684,0.045066614014594074,0,0,0.7345524057524949,0,,
1.827,1100,,,,0.0030184411435113558,16.299522136144414,0.04305839968189227,0,0,0.7018313387619567,0,,
1.8519999999981374,1100,,,,0.0032789733202224494,16.29923437014721,0.03913624978921073,0,0,0.6378909076829701,0,,
1.876,1100,,,,0.0032789733202224494,16.299452726607786,0.042000622653966806,0,0,0.684587163436424,0,,
1.901004999998957,1100,,,,0.0032789733202224494,16.275499909703843,0.3158813428197775,0,0,5.141126766540417,0,,
1.9239999999981374,1100,,,,0.0032789733202224494,16.244647763814168,0.6193457793925907,0,0,10.061054030237592,0,,
1.947,1100,,,,0.0032789733202224494,16.235280843231006,0.7046643566234561,3,0,11.440423729996498,0.0002866129260252018,,
1.9689999999981374,1100,,,,0.0032789733202224494,16.23517070538788,0.6994800699033661,1238,0,11.356178339897795,0.0002887391534441119,,
1.992,1100,,,,0.0032789733202224494,16.237168589611542,0.6763058749404753,2634,0,10.981292509553239,0.00029859630069683395,,
2.014,1100,,,,0.003837418205123448,16.23986318745434,0.6538096541301791,3157,0,10.61777933371095,0.00036141438661659,,
2.039,1100,,,,0.003837418205123448,16.242072064703564,0.632043607204295,3486,0,10.265697816247352,0.00037380977638461454,,
2.064,1100,,,,0.003837418205123448,16.244880754339952,0.5995743849797674,3733,0,9.740014387353037,0.0003939848600332829,,
2.086004999998957,1100,,,,0.003837418205123448,16.24785291296781,0.5697533727910751,3903,0,9.257268997776704,0.0004145302687050654,,
2.109,1100,,,,0.003837418205123448,16.250683686866005,0.5377506462705615,3984,0,8.738815654950665,0.00043912337285081595,,
2.133004999998957,1100,,,,0.003837418205123448,16.252458651592395,0.5101893580387273,4011,0,8.291831446006885,0.0004627950085709282,,
2.158004999998957,1100,,,,0.009450858893099523,16.25489207550413,0.480277132745732,4036,0,7.806852959114445,0.00121058497484133,,
2.182,1100,,,,0.009450858893099523,16.25745163603961,0.4546121337858893,4045,0,7.390834778180865,0.0012787268524795381,,
2.206,1100,,,,0.009450858893099523,16.25928232128981,0.43625722777057424,4052,0,7.093229431025,0.0013323774431660863,,
2.231004999998957,1100,,,,0.009450858893099523,16.260659647925205,0.4176844521523575,4055,0,6.791824716679586,0.0013915051237835677,,
2.2539999999981375,1100,,,,0.009450858893099523,16.262553974081186,0.40438002307142107,4049,0,6.57625195123918,0.0014371193444494888,,
2.279,1100,,,,0.009450858893099523,16.263960420431847,0.38929923661823196,4042,0,6.331547376063257,0.0014926617984142368,,
2.302004999998957,1100,,,,0.016318782006894277,16.26542777767808,0.3795494834771251,4037,0,6.173534711552198,0.0026433449829573056,,
2.3259999999981376,1100,,,,0.016318782006894277,16.265927020737223,0.37047962861708505,4034,0,6.026194601755335,0.0027079746150482555,,
2.349,1100,,,,0.016318782006894277,16.26656109669477,0.36405624571214407,4037,0,5.921943163509915,0.002755646509316073,,
2.372004999998957,1100,,,,0.016318782006894277,16.266843975289813,0.3577145540638246,4042,0,5.818886838646607,0.002804450827005565,,
2.396,1100,,,,0.016318782006894277,16.267786598470973,0.3528532704839145,4037,0,5.740141704804878,0.0028429231970413514,,
2.419,1100,,,,0.016318782006894277,16.267402960881252,0.3542852953034204,4039,0,5.76330166181555,0.0028314988464014476,,
2.443,1100,,,,0.02067544846591251,16.268599025971724,0.35196893938717033,4052,0,5.72604154448642,0.0036107751411305787,,
2.467,1100,,,,0.02067544846591251,16.26842945495521,0.345334217106613,4044,0,5.61804534938112,0.0036801853990356456,,
2.491,1100,,,,0.02067544846591251,16.26872898755912,0.33931551542078026,4045,0,5.520232161654611,0.003745394733491669,,
2.514,1100,,,,0.02067544846591251,16.26813531899662,0.3332250974729426,4043,0,5.420950977375669,0.0038139891971356067,,
2.537,1100,,,,0.02067544846591251,16.268546521518847,0.32669028181669596,4043,0,5.31477604786302,0.0038901824422546928,,
2.562,1100,,,,0.02067544846591251,16.268514820816627,0.3288878895210956,4039,0,5.350517505061045,0.003864196023348328,,
2.5849999999981375,1100,,,,0.02067544846591251,16.268689136561008,0.32765719193597503,4046,0,5.330552998964882,0.0038786685865289,,
2.609,1100,,,,0.02276786595887555,16.268965651595753,0.325084385993245,4044,0,5.2887867095941985,0.004304931775292276,,
2.633004999998957,1100,,,,0.02276786595887555,16.269260886713667,0.3210858814840592,4038,0,5.223829972904585,0.0043584622924118695,,
2.658004999998957,1100,,,,0.02276786595887555,16.26954275800415,0.3217921848278311,4037,0,5.2354117102479725,0.004348820535796441,,
2.6829999999981373,1100,,,,0.02276786595887555,16.27019024376588,0.3260439462803098,4044,0,5.304797033808824,0.004291939128635862,,
2.708,1100,,,,0.02276786595887555,16.270070709790907,0.32427272449054545,4051,0,5.27594015671772,0.004315413989274652,,
2.733,1100,,,,0.02276786595887555,16.270991580298478,0.32181608820343316,4060,0,5.236266861562654,0.004348110316150113,,
2.755,1100,,,,0.024232243319211227,16.271172608805198,0.32376293948805834,4051,0,5.26800267274435,0.004599891994091854,,
2.778,1100,,,,0.024232243319211227,16.270456924960307,0.32494122191733155,4053,0,5.286942154349911,0.00458341374120649,,
2.801004999998957,1100,,,,0.024232243319211227,16.2712428048411,0.32239578741185604,4048,0,5.2457801362362435,0.004619378374595288,,
2.824,1100,,,,0.024232243319211227,16.271300111760542,0.32412751830197783,4047,0,5.2739761247716395,0.004594682028497137,,
2.847004999998957,1100,,,,0.024232243319211227,16.271559626485,0.32411285898261294,4049,0,5.273821710646111,0.004594816557847282,,
2.872004999998957,1100,,,,0.024232243319211227,16.271209219133013,0.3247218538296812,4044,0,5.2836172216874715,0.004586298042134093,,
2.896,1100,,,,0.024097994202255727,16.27101057256952,0.3267835684926677,4040,0,5.317098897886192,0.00453216964082347,,
2.92,1100,,,,0.024097994202255727,16.27111280090162,0.32599312710258777,4039,0,5.304270943404864,0.004543130330138638,,
2.944004999998957,1100,,,,0.024097994202255727,16.27099763715052,0.3241080658479303,4037,0,5.273561573593098,0.004569586202031723,,
2.967,1100,,,,0.024097994202255727,16.27113787644964,0.32400223716462134,4040,0,5.2718850731836895,0.004571039365944098,,
2.991,1100,,,,0.024097994202255727,16.27140740111179,0.31995734257428465,4051,0,5.206156272003276,0.004628749684646532,,
3.014,1100,,,,0.024097994202255727,16.271103724069178,0.3236031445220383,4055,0,5.265380329953034,0.004576686334540752,,
3.0399999999981375,1100,,,,0.024097994202255727,16.27160880222379,0.3245695118793323,4056,0,5.281268126429222,0.004562918152490943,,
3.0659999999981373,1100,,,,0.024370667592177524,16.27184993815388,0.32500568260489243,4050,0,5.288443696394079,0.004608287237471138,,
3.0880049999989567,1100,,,,0.024370667592177524,16.272030762611724,0.32455774605005655,4047,0,5.281213627970444,0.004614596058584948,,
3.111999999998137,1100,,,,0.024370667592177524,16.27180289911468,0.3237397982987923,4041,0,5.26783018851709,0.004626319892638365,,
3.135,1100,,,,0.024370667592177524,16.271142607616305,0.32475862561982155,4049,0,5.284193910513591,0.004611993428872645,,
3.159004999998957,1100,,,,0.024370667592177524,16.270961992369195,0.32563472556809214,4047,0,5.298390243114,0.00459963620532682,,
3.182,1100,,,,0.024370667592177524,16.271140298929424,0.326743917501151,4043,0,5.3164961234830495,0.0045839716659496635,,
3.205,1100,,,,0.024463107417630123,16.271509211802645,0.32658625044831463,4040,0,5.314051182617837,0.00460347606316787,,
3.230004999998957,1100,,,,0.024463107417630123,16.271657923054224,0.32422807405139376,4041,0,5.275728310014973,0.0046369156977230114,,
3.2539999999981375,1100,,,,0.024463107417630123,16.271624717868924,0.32940845629407034,4046,0,5.36001077970964,0.004564003399066919,,
3.277,1100,,,,0.024463107417630123,16.27202121822105,0.3318047691804162,4060,0,5.39913424441067,0.0045309314994260415,,
3.301004999998957,1100,,,,0.024463107417630123,16.27243175768283,0.32477249072592934,4064,0,5.2848381921103655,0.004628922689468644,,
3.3249999999981372,1100,,,,0.024463107417630123,16.2715334052493,0.3286458733782992,4063,0,5.347572307172327,0.004574619287488541,,
3.349,1100,,,,0.02463732421730792,16.271214352624842,0.32338984279397376,4068,0,5.261945451562397,0.004682170205696928,,
3.372004999998957,1100,,,,0.02463732421730792,16.27197228058548,0.32130260980003744,4066,0,5.228227160345982,0.004712366823724149,,
3.3969999999981373,1100,,,,0.02463732421730792,16.272389220764985,0.3162179887130054,4067,0,5.145622190945493,0.004788016551363031,,
3.42,1100,,,,0.02463732421730792,16.272288636873448,0.31233544967029286,4056,0,5.082412588562665,0.004847564771256694,,
3.444004999998957,1100,,,,0.02463732421730792,16.271789426839838,0.320727093487461,4053,0,5.2188037287103395,0.004720875797986035,,
3.467,1100,,,,0.02463732421730792,16.27144557994072,0.33011713931773956,4099,0,5.371483067414308,0.004586689357129014,,
3.491,1100,,,,0.02517339293784427,16.272017513415097,0.3239995935539948,4133,0,5.272127060649977,0.004774807710104915,,
3.516004999998957,1100,,,,0.02517339293784427,16.272402153275795,0.3226029402980124,4094,0,5.24952478035848,0.0047953660552346655,,
3.538,1100,,,,0.02517339293784427,16.272770312722862,0.3233697573613347,4067,0,5.262121787621923,0.004783886415753354,,
3.564,1100,,,,0.02517339293784427,16.272232855424463,0.3220605837652394,4049,0,5.240644812581911,0.004803491524059629,,
3.5880049999989567,1100,,,,0.02517339293784427,16.27149426992847,0.3216855777525856,4061,0,5.234305035119826,0.004809309501250339,,
3.611999999998137,1100,,,,0.02517339293784427,16.271285802838346,0.31611340841272584,4075,0,5.143571614392826,0.004894146485178445,,
3.635,1100,,,,0.02517339293784427,16.27147189720321,0.3130887064559447,4069,0,5.09441408842961,0.004941371569110934,,
3.659004999998957,1100,,,,0.02549876640831531,16.271373981872884,0.31314639770010866,4067,0,5.095322148054767,0.0050043482369510105,,
3.6829999999981373,1100,,,,0.02549876640831531,16.271676713698064,0.3161351112658236,4070,0,5.144048328366448,0.004956945343554488,,
3.7099999999981375,1100,,,,0.02549876640831531,16.273100560654093,0.31789653781212035,4067,0,5.17316232770041,0.00492904819007489,,
3.735,1100,,,,0.02549876640831531,16.273580292800354,0.3220557265542869,4051,0,5.2409997248373426,0.004865248568412524,,
3.758004999998957,1100,,,,0.02549876640831531,16.273516681263363,0.32478500269636223,4042,0,5.285394159203417,0.004824383128345215,,
3.780999999998137,1100,,,,0.02549876640831531,16.272858677987827,0.3237403492971924,4043,0,5.268180952475628,0.004840146274082121,,
3.803,1100,,,,0.025546343451048326,16.27266205013747,0.32299057850955615,4060,0,5.255916529464401,0.004860492610154065,,
3.827,1100,,,,0.025546343451048326,16.27273853516116,0.32339769182112554,4059,0,5.262566081879803,0.0048543511005040155,,0.13900499999988825,13160,
3.85,1100,,,,0.025546343451048326,16.27247416793005,0.32018385006343464,4053,0,5.210183429145628,0.004903156251302547,,
3.873004999998957,1200,,,,0.025546343451048326,16.272315104217913,0.31835242768608596,4045,0,5.1803310175007375,0.0049314114030059066,,
3.898,1200,,,,0.025546343451048326,16.272004412134603,0.3188156598391421,4037,0,5.187769823560125,0.004924340192394476,,
3.922,1200,,,,0.025546343451048326,16.24063268768469,0.6729757704114498,4260,0,10.92955229496398,0.0023373641263255895,,
3.945004999998957,1200,,,,0.02590952060075429,16.223234460428827,0.8405181844179928,5386,0,13.635923574067052,0.0019000928290643473,,
3.9679999999981375,1200,,,,0.02590952060075429,16.21156093438364,0.959456609336925,6235,0,15.55428928616268,0.0016657476355286622,,
3.992,1200,,,,0.02590952060075429,16.20283749453581,1.03359863009352,6800,0,16.747230637980135,0.00154709283945702,,
4.018,1200,,,,0.02590952060075429,16.1999910268452,1.0558550987700424,7144,0,17.104843125723438,0.0015147476308502222,,
4.041,1200,,,,0.02590952060075429,16.199433499140994,1.0566666371387843,7325,0,17.117400919090684,0.0015136363705694324,,
4.065999999998137,1200,,,,0.02590952060075429,16.20046104568448,1.0439519082771855,7414,0,16.912502223612524,0.001531974409119693,,
4.088004999998957,1200,,,,0.030208602849069115,16.201421226931352,1.03192198696101,7442,0,16.718602784087285,0.0018068856135407183,,
4.113004999998957,1200,,,,0.030208602849069115,16.203071260070296,1.0225787979719831,7461,0,16.56891713257707,0.0018232092421824175,,
4.136,1200,,,,0.030208602849069115,16.20364005607835,1.009001096014875,7471,0,16.349490576013583,0.0018476785382774128,,
4.161,1200,,,,0.030208602849069115,16.20409425110701,1.008000123308206,7478,0,16.33372900321366,0.001849461494256797,,
4.185004999998957,1200,,,,0.030208602849069115,16.20335256570197,1.0148329565649874,7503,0,16.443696190516203,0.0018370932239973963,,
4.208,1200,,,,0.030208602849069115,16.203916435081126,1.0067561989592533,7527,0,16.313393318435647,0.0018517669659157052,,
4.235,1200,,,,0.030208602849069115,16.204866657303462,0.9921276101088169,7529,0,16.077295628842535,0.001878960463653796,,
4.259,1200,,,,0.06174125958833802,16.205514457653443,0.9809901452979495,7498,0,15.897449982441472,0.0038837209525131667,,
4.283004999998957,1200,,,,0.06174125958833802,16.205473573732366,0.9696687084750494,7486,0,15.713940630467606,0.003929075528555103,,
4.307999999998137,1200,,,,0.06174125958833802,16.20484529452321,0.9666881669378289,7473,0,15.665032193273744,0.003941342655832428,,
4.333,1200,,,,0.06174125958833802,16.205095759014878,0.9633979001806867,7480,0,15.611955226461884,0.00395474229157973,,
4.359,1200,,,,0.06174125958833802,16.205188925680638,0.9610413908140962,7492,0,15.57385730354131,0.003964416675006955,,
4.382004999998957,1200,,,,0.06174125958833802,16.205845641125887,0.9571674115214911,7482,0,15.511707323833305,0.003980300704454003,,
4.408004999998957,1200,,,,0.07276735981160543,16.20589036162085,0.9588915180971477,7467,0,15.53969081097055,0.004682677454575472,,
4.432,1200,,,,0.07276735981160543,16.20586522138873,0.950862495835783,7468,0,15.409549451588003,0.00472222500990167,,
4.455,1200,,,,0.07276735981160543,16.20653612295397,0.955439518906122,7479,0,15.48436507644983,0.0046994086907881875,,
4.476999999998137,1200,,,,0.07276735981160543,16.206733060211434,0.9557991232480068,7480,0,15.490381249664575,0.004697583528693402,,
4.5,1200,,,,0.07276735981160543,16.20694483704374,0.9569067628644867,7492,0,15.50853511993883,0.004692084664917884,,
4.524004999998957,1200,,,,0.07276735981160543,16.207479450583158,0.9510471481100335,7491,0,15.414077109529085,0.004720837925912552,,
4.548,1200,,,,0.07830859703071397,16.20690750673495,0.9581813387676175,7481,0,15.529156332086243,0.005042681994830153,,
4.573,1200,,,,0.07830859703071397,16.20684776112533,0.9581613943840848,7486,0,15.52877584937043,0.005042805549536525,,
4.596004999998957,1200,,,,0.07830859703071397,16.206809177018147,0.9530660209045573,7493,0,15.446159133900148,0.005069777952685192,,
4.619999999998138,1200,,,,0.07830859703071397,16.20095524661476,1.010316649937667,7531,0,16.368094830549897,0.004784221856080433,,
4.643,1200,,,,0.07830859703071397,16.202976960397905,0.9954184215105994,7633,0,16.128741749691894,0.0048552204658004324,,
4.6649999999981375,1200,,,,0.07830859703071397,16.2046558521442,0.9789819640758181,7585,0,15.864065813304828,0.004936224921926279,,
4.689,1200,,,,0.08085302751595881,16.204791783148423,0.9672847180760646,7538,0,15.67464745144405,0.005158203893670993,,
4.712004999998957,1200,,,,0.08085302751595881,16.205512195031602,0.9594502313130242,7508,0,15.548382424069105,0.005200092544083379,,
4.736999999998138,1200,,,,0.08085302751595881,16.205645033520955,0.9628210690088245,7495,0,15.603136475152194,0.00518184453777715,,
4.76,1200,,,,0.08085302751595881,16.20528182875825,0.9623857883858129,7495,0,15.595732928783795,0.0051843044430912805,,
4.784004999998957,1200,,,,0.08085302751595881,16.20536102281079,0.9651359807778572,7500,0,15.640377004609753,0.0051695063035966885,,
4.807999999998137,1200,,,,0.08085302751595881,16.2062892195785,0.9607844853490337,7490,0,15.570751247250323,0.005192622130562701,,
4.833999999998137,1200,,,,0.08199145087563593,16.207062380593214,0.9537850298657513,7476,0,15.458053476710193,0.005304125192681471,,
4.858,1200,,,,0.08199145087563593,16.206594199386455,0.9513790722796756,7468,0,15.418614554225456,0.005317692493529923,,
4.881004999998957,1200,,,,0.08199145087563593,16.20665930521198,0.9494476855327008,7473,0,15.387375167550521,0.005328488451268973,,
4.905999999998137,1200,,,,0.08199145087563593,16.205723290742867,0.9570596629755602,7488,0,15.509844070913555,0.005286413615814418,,
4.929,1200,,,,0.08199145087563593,16.206041507028758,0.9604352814377928,7498,0,15.564854035795717,0.005267730149416998,,
4.9530049999989565,1200,,,,0.08199145087563593,16.205891618443477,0.9607852627313068,7492,0,15.5703818364213,0.005265859998619075,,
4.974,1200,,,,0.08199145087563593,16.206444508646502,0.9611004545057222,7497,0,15.57602118318192,0.005263953477680521,,
4.998004999998957,1200,,,,0.08242072957034173,16.205613842472058,0.9635133016036809,7503,0,15.614324497874566,0.005278533155985128,,
5.021999999998138,1200,,,,0.08242072957034173,16.20663517385506,0.9497315850716328,7496,0,15.391953312343043,0.005354793371433065,,
5.045,1200,,,,0.08242072957034173,16.207125869586857,0.9508374018584873,7485,0,15.410341453431444,0.005348403850713443,,
5.071,1200,,,,0.08242072957034173,16.207609898311475,0.9494111957370511,7473,0,15.387686293595563,0.0053562782602765745,,
5.096004999998957,1200,,,,0.08242072957034173,16.20754839676058,0.9493822590509648,7466,0,15.387158910594403,0.0053564618425818175,,
5.118,1200,,,,0.08242072957034173,16.207939885196055,0.9469114105845406,7462,0,15.347483219360434,0.005370309150517279,,
5.141004999998957,1200,,,,0.0818583819277658,16.207432053790445,0.9511533968049243,7468,0,15.415754051447792,0.0053100472188759365,,
5.1649999999981375,1200,,,,0.0818583819277658,16.206222025867703,0.9558935103399014,7473,0,15.491422461654508,0.0052841101022444905,,
5.187,1200,,,,0.0818583819277658,16.20621286795267,0.9576613565068899,7494,0,15.520063798962967,0.005274358597239496,,
5.2110049999989565,1200,,,,0.0818583819277658,16.205989586950434,0.9579931289201327,7500,0,15.525226671649735,0.005272604623367306,,
5.235999999998137,1200,,,,0.0818583819277658,16.20617692633265,0.955038278545424,7504,0,15.477519313527305,0.0052888567133766605,,
5.259,1200,,,,0.0818583819277658,16.206482750167613,0.9566771661963516,7488,0,15.504371991440406,0.0052796967186389656,,
5.284004999998957,1200,,,,0.08161547982518312,16.203801840854684,0.9845100551781953,7505,0,15.952805844436389,0.005116057991368764,,
5.309,1200,,,,0.08161547982518312,16.20434850661417,0.9628010030513365,7545,0,15.601562995961551,0.005231237398862486,,
5.331,1200,,,,0.08161547982518312,16.204954753564436,0.9507160676327986,7522,0,15.406310859476207,0.005297535572896907,,
5.355004999998957,1200,,,,0.08161547982518312,16.20520834516675,0.9492195338623497,7504,0,15.38230031154144,0.005305804604786353,,
5.378999999998137,1200,,,,0.08161547982518312,16.205512635945382,0.9512907602275048,7495,0,15.416154435324918,0.005294152972298176,,
5.405999999998137,1200,,,,0.08161547982518312,16.20587382784269,0.9499645813214682,7483,0,15.39500614581512,0.005301425608548325,,
5.428,1200,,,,0.08129685677368247,16.205931359488766,0.9595311756937648,7486,0,15.550096370582708,0.00522806128246754,,
5.4530049999989565,1200,,,,0.08129685677368247,16.205651261084775,0.960766761568535,7498,0,15.569851081221465,0.005221428024557873,,
5.476,1200,,,,0.08129685677368247,16.20466156737335,0.9524559398718669,7492,0,15.434226163458105,0.005267310191822896,,
5.501,1200,,,,0.08129685677368247,16.204354052110652,0.9498757662279103,7491,0,15.392123221476949,0.005281718162199175,,
5.523,1200,,,,0.08129685677368247,16.203893086650428,0.9513749435898453,7495,0,15.415977871247936,0.005273545243296423,,
5.547,1200,,,,0.08129685677368247,16.204403578324023,0.9430523637114714,7495,0,15.281601097073095,0.005319917478362484,,
5.572,1200,,,,0.08129685677368247,16.20356381760133,0.9445938867288799,7480,0,15.305787325327488,0.005311510936726217,,
5.595004999998957,1200,,,,0.08177991904688081,16.20332855421559,0.94226790348572,7486,0,15.267876426271028,0.005356338809905763,,
5.618,1200,,,,0.08177991904688081,16.203207362896297,0.9523782941683756,7495,0,15.43158298833164,0.005299515876544712,,
5.6420049999989565,1200,,,,0.08177991904688081,16.202635161989875,0.9678911127104612,7504,0,15.682386575780024,0.005214762348301134,,
5.6649999999981375,1200,,,,0.08177991904688081,16.20254953335291,0.9646829959739509,7508,0,15.630324026251227,0.0052321320344690826,,
5.688,1200,,,,0.08177991904688081,16.20307535335944,0.9559164017625839,7502,0,15.488785489271365,0.0052799439377301345,,
5.7099999999981375,1200,,,,0.08177991904688081,16.203204597471604,0.9531336405004465,7486,0,15.443819385761682,0.005295316981126911,,
5.735,1200,,,,0.08136930094346465,16.20317834896468,0.9451718698809113,7481,0,15.314788378104844,0.005313119511321242,,
5.759,1200,,,,0.08136930094346465,16.202924314594014,0.9410225970122243,7472,0,15.247317917711774,0.005336630441013068,,
5.785,1200,,,,0.08136930094346465,16.20328793734006,0.9436146728699576,7480,0,15.289660246410872,0.00532185147557909,,
5.809,1200,,,,0.08136930094346465,16.203837968348438,0.9439627518279304,7488,0,15.295819478776092,0.005319708503122023,,
5.833,1200,,,,0.08136930094346465,16.20303217154461,0.9439696530475696,7487,0,15.295170657291575,0.005319934165276799,,
5.858,1200,,,,0.08136930094346465,16.202882615563038,0.9423559939532332,7491,0,15.268883552096469,0.005329093031971704,,
5.88,1200,,,,0.08177912557945816,16.20278897563398,0.9398583170154662,7494,0,15.2283259775961,0.005370197991543623,,
5.905999999998137,1200,,,,0.08177912557945816,16.20299302197822,0.9377918851390363,7483,0,15.195035370975605,0.005381963488921282,,
5.929,1200,,,,0.08177912557945816,16.20226886064469,0.9494219532886827,7476,0,15.382789749381681,0.005316274025180986,,
5.952,1200,,,,0.08177912557945816,16.20165115449316,0.958810797549529,7549,0,15.534318065058834,0.005264416837415156,,
5.975,1200,,,,0.08177912557945816,16.20221479336001,0.9527186150444629,7538,0,15.436151638582857,0.005297895971366995,,
5.999004999998957,1200,,,,0.08177912557945816,16.202288898368305,0.950606893835604,7524,0,15.402007522704986,0.005309640672419023,,
6.023,1200,,,,0.08177912557945816,16.201376879320122,0.9519438070095871,7510,0,15.422800385297101,0.005302482268876411,,
6.048,1200,,,,0.08065108791666879,16.201976416440417,0.9449221094158602,7513,0,15.309605732128897,0.005268005546832181,,
6.072,1200,,,,0.08065108791666879,16.202094844014663,0.9436751529781636,7508,0,15.289514330492253,0.005274928043713223,,
6.097004999998957,1200,,,,0.08065108791666879,16.202163778234045,0.9365719147482692,7490,0,15.17449155284571,0.005314912044057522,,
6.121,1200,,,,0.08065108791666879,16.20246333296412,0.9377512790721905,7494,0,15.193880714607369,0.005308129597143078,,
6.143,1200,,,,0.08065108791666879,16.202638176798253,0.9364163191022509,7495,0,15.172414801263026,0.005315639532209138,,
6.167004999998957,1200,,,,0.08065108791666879,16.202490420967262,0.933804047218328,7490,0,15.12995113011542,0.00533055838866107,,
6.19,1200,,,,0.08173840314272958,16.201816317684827,0.925299157789287,7477,0,14.991526993410497,0.0054523067048912075,,
6.212004999998957,1200,,,,0.08173840314272958,16.20253431012356,0.9388798621165815,7481,0,15.212233179027988,0.00537320209207787,,
6.238004999998957,1200,,,,0.08173840314272958,16.202696270849238,0.9457548572779593,7485,0,15.323778699155143,0.0053340892444000195,,
6.26,1200,,,,0.08173840314272958,16.202749525392605,0.9413115607036906,7488,0,15.251835443438296,0.005359250265048945,,
6.284004999998957,1200,,,,0.08173840314272958,16.20202123376076,0.9415486629600753,7483,0,15.254991429898194,0.0053581415314682395,,
6.307999999998137,1200,,,,0.08173840314272958,16.201809724546713,0.9383905480467405,7485,0,15.203625106766399,0.005376244321254131,,
6.331,1200,,,,0.08220254683166331,16.202463240054396,0.9351677176943056,7480,0,15.152020569227554,0.00542518711983599,,
6.354004999998957,1200,,,,0.08220254683166331,16.202338980395304,0.9437544350557421,7482,0,15.291029271024598,0.005375867469394701,,
6.377,1200,,,,0.08220254683166331,16.20302908226543,0.9437874432945532,7492,0,15.292215391178582,0.005375450497452606,,
6.402,1200,,,,0.08220254683166331,16.203078721951243,0.9412998618151135,7495,0,15.251955761952111,0.005389639736349598,,
6.425,1200,,,,0.08220254683166331,16.204083342320143,0.9400738130285784,7480,0,15.233034414247767,0.005396334347855054,,
6.449,1200,,,,0.08220254683166331,16.203658651009928,0.9455811995268527,7475,0,15.321874983945632,0.005365044873280569,,
6.471004999998957,1200,,,,0.08220254683166331,16.20362032187076,0.949981107350562,7481,0,15.393133176458852,0.005340208902848834,,
6.494999999998138,1200,,,,0.08242138785074761,16.203582230048358,0.9464101567514299,7484,0,15.335234798274751,0.005374641401644545,,
6.521,1200,,,,0.08242138785074761,16.202882027312995,0.9525739730754486,7487,0,15.434443708030319,0.005340094493192842,,
6.545,1200,,,,0.08242138785074761,16.203210065414922,0.9431001078273853,7486,0,15.281249159842588,0.005393628949349363,,
6.5700049999989565,1200,,,,0.08242138785074761,16.20273777126565,0.9403972891909788,7483,0,15.237010677570497,0.005409288579949299,,
6.5929999999981375,1200,,,,0.08242138785074761,16.20242368255019,0.9382226940673398,7480,0,15.201481597862708,0.005421931232172518,,
6.616,1200,,,,0.08242138785074761,16.202015343677775,0.9435761509848242,7481,0,15.287835276184538,0.005391305332753293,,
6.640004999998957,1200,,,,0.08274419950066195,16.202550616513893,0.9443364562676012,7478,0,15.300659231695168,0.005407884604688022,,
6.664,1200,,,,0.08274419950066195,16.202494952205424,0.9444308643938075,7472,0,15.30213631304767,0.005407362593555546,,
6.686004999998957,1200,,,,0.08274419950066195,16.202649443349884,0.9505742699773525,7488,0,15.401821666311273,0.00537236447047365,,
6.708,1200,,,,0.08274419950066195,16.202383046120165,0.9491094159698314,7497,0,15.377834310222608,0.005380744637471916,,
6.733,1200,,,,0.08274419950066195,16.202931236432907,0.9445886932534687,7496,0,15.305105643497969,0.0054063135157655035,,
6.756004999998957,1200,,,,0.08274419950066195,16.202841327348676,0.9415194337641235,7498,0,15.255289991895264,0.005423967656112848,,
6.779,1200,,,,0.08212642168931433,16.202350861331738,0.9468709567997217,7499,0,15.341535462473976,0.00535320743417104,,
6.802004999998957,1200,,,,0.08212642168931433,16.202523927295918,0.9436616175677653,7505,0,15.289699937912488,0.005371356012401058,,
6.825999999998137,1200,,,,0.08212642168931433,16.20199152682089,0.9541701850621207,7500,0,15.4594572535216,0.005312374188984305,,
6.849,1200,,,,0.08212642168931433,16.201634079254752,0.9528050552449453,7498,0,15.436998853942713,0.00532010285589538,,
6.874004999998957,1200,,,,0.08212642168931433,16.20136619278504,0.9514464729787426,7492,0,15.414732721562368,0.005327787589494472,,0.14300000000000002,23547,
6.898,1200,,,,0.08212642168931433,16.201596064162864,0.945401740377124,7480,0,15.317017115946733,0.005361776452140379,,
6.92,1400,,,,0.08212642168931433,16.201759898322173,0.9482169344416926,7471,0,15.3627831033474,0.005345803630555703,,
6.944004999998957,1400,,,,0.08183241483251161,16.202061091442136,0.9528985273333821,7478,0,15.438920153800701,0.005300397567790153,,
6.967,1400,,,,0.08183241483251161,16.189011903927646,1.4355633508876284,7498,0,23.240352176362077,0.003521134886920686,,
6.990004999998957,1400,,,,0.08183241483251161,16.067143876026865,2.668587155043432,8998,0,42.87657376580003,0.0019085576958526528,,
7.012999999998137,1400,,,,0.08183241483251161,16.00147766624022,3.2889202720922803,10956,0,52.62758427992933,0.0015549338992502488,,
7.035,1400,,,,0.08183241483251161,15.968163155870938,3.575558291237782,12124,0,57.095098167812,0.0014332651568790113,,
7.059,1400,,,,0.08183241483251161,15.946606632191815,3.76017453453304,12760,0,59.96202417058335,0.0013647373644310296,,
7.083,1400,,,,0.08172793358283226,15.927076899458157,3.913029625266184,13177,0,62.32312375147245,0.0013113581069642926,,
7.108,1400,,,,0.08172793358283226,15.914979757207494,4.005982116878658,13457,0,63.75512429785907,0.001281903760409996,,
7.133004999998957,1400,,,,0.08172793358283226,15.907806261641003,4.041720667579995,13627,0,64.2949093435329,0.0012711415945258326,,
7.158004999998957,1400,,,,0.08172793358283226,15.90435285039305,4.06045275378417,13701,0,64.57887332853358,0.0012655521747345433,,
7.181,1400,,,,0.08172793358283226,15.900505563761028,4.0760333589542,13744,0,64.81099110212682,0.0012610196541208317,,
7.204004999998957,1400,,,,0.08172793358283226,15.898694860065687,4.095980482209627,13773,0,65.12074383943556,0.0012550214995139502,,
7.227999999998137,1400,,,,0.17872271446640692,15.897258056000467,4.107152802368299,13776,0,65.29246797467434,0.002737263883725914,,
7.251,1400,,,,0.17872271446640692,15.894256277744645,4.102292602222159,13773,0,65.20288994601496,0.0027410244333400135,,
7.276004999998957,1400,,,,0.17872271446640692,15.892565856895576,4.105129197809544,13790,0,65.24103612725308,0.002739421766965918,,
7.3,1400,,,,0.17872271446640692,15.891992996900829,4.101850518648862,13786,0,65.18657971670176,0.0027417102606568503,,
7.323,1400,,,,0.17872271446640692,15.890919070459628,4.107732262452903,13784,0,65.27564094575511,0.0027379695071079848,,
7.346004999998957,1400,,,,0.17872271446640692,15.88974988082054,4.091507446677734,13776,0,65.01302996322387,0.0027490291495028854,,
7.368,1400,,,,0.17872271446640692,15.890390407280002,4.099356332143465,13776,0,65.14037253631504,0.0027436550868168734,,
7.393,1400,,,,0.2446195664995361,15.888971817478701,4.0946697084500325,13778,0,65.0600915994463,0.0037599019688687,,
7.416,1400,,,,0.2446195664995361,15.887235670303035,4.080318644173675,13773,0,64.82498390991853,0.00377353840672698,,
7.439,1400,,,,0.2446195664995361,15.886389234411622,4.092498944238478,13776,0,65.01503116959108,0.0037625078708560227,,
7.464,1400,,,,0.2446195664995361,15.884679262523836,4.091175938198297,13782,0,64.98701758483497,0.003764129753765146,,
7.485999999998137,1400,,,,0.2446195664995361,15.88491860658361,4.092503734726907,13780,0,65.00908872327636,0.003762851799704594,,
7.509,1400,,,,0.2446195664995361,15.88380320678785,4.092442329633479,13780,0,65.00354859902659,0.0037631725001425415,,
7.536,1400,,,,0.26959072143101,15.881426260252365,4.075290363884301,13766,0,64.72142340314555,0.004165401612874718,,
7.561004999998957,1400,,,,0.26959072143101,15.881264325473625,4.078475750930064,13763,0,64.77135144555488,0.004162190774383038,,
7.583999999998137,1400,,,,0.26959072143101,15.879796022642967,4.076697689396806,13771,0,64.73712775360117,0.004164391142855628,,
7.608,1400,,,,0.26959072143101,15.882013879236146,4.097233267470854,12819,0,65.07231562044016,0.004142940340459125,,
7.63,1400,,,,0.26959072143101,15.882349112887262,4.109344772681436,13604,0,65.26604830494492,0.004130642630168008,,
7.653,1400,,,,0.26959072143101,15.881330756142257,4.090130499947206,13744,0,64.95671530544706,0.004150313330397157,,
7.677004999998957,1400,,,,0.2801529141716813,15.879495827218822,4.084014678724664,13762,0,64.85209404910871,0.004319874605121276,,
7.700999999998137,1400,,,,0.2801529141716813,15.88132291219977,4.085946830515216,13762,0,64.89024101749132,0.004317335084272,,
7.726,1400,,,,0.2801529141716813,15.881610933035855,4.081830097746313,13750,0,64.82603750716267,0.004321610959804956,,
7.752,1400,,,,0.2801529141716813,15.882116354690847,4.086929538917525,13756,0,64.90909047051115,0.004316081339931232,,
7.775004999998957,1400,,,,0.2801529141716813,15.88179369032586,4.095578101024053,13753,0,65.04512644308058,0.00430705464792718,,
7.798999999998137,1400,,,,0.2801529141716813,15.88115635253272,4.10348217030456,13770,0,65.16804193643702,0.004298930976703799,,
7.823,1400,,,,0.28479561804832326,15.879145700485893,4.104053705325188,13779,0,65.16886674947766,0.004370117699654581,,
7.846004999998957,1400,,,,0.28479561804832326,15.878921324597801,4.091811729903031,13782,0,64.97355653419666,0.004383254253573615,,
7.869,1400,,,,0.28479561804832326,15.876296891514773,4.071996519014284,13769,0,64.64822567708546,0.004405312211828715,,
7.895,1400,,,,0.28479561804832326,15.876069122877364,4.071882451127569,13771,0,64.6454872543326,0.004405498823573892,,
7.918004999998957,1400,,,,0.28479561804832326,15.874899018594554,4.0620890546518185,13775,0,64.48525354713584,0.004416445658233326,,
7.943,1400,,,,0.28479561804832326,15.876633992186065,4.07982608664269,13767,0,64.77390552939879,0.004396764649602048,,
7.9679999999981375,1400,,,,0.28479561804832326,15.877541135362637,4.098892805602597,13768,0,65.0803391303972,0.0043760622924489834,,
7.989004999998957,1400,,,,0.28659709102843817,15.879277034717514,4.093331014792501,13766,0,64.9991371786915,0.004409244544901322,,
8.012999999998137,1400,,,,0.28659709102843817,15.877271514303512,4.080555721569816,13765,0,64.78809112060866,0.004423607580827051,,
8.036,1400,,,,0.28659709102843817,15.876770241812626,4.072679122782392,13757,0,64.66099070104303,0.004432302813817159,,
8.060004999998958,1400,,,,0.28659709102843817,15.875950434196108,4.075611226531882,13750,0,64.70420182147336,0.004429342808666335,,
8.083999999998138,1400,,,,0.28659709102843817,15.874672804300983,4.071752280873513,13756,0,64.63773519903326,0.004433897477161678,,
8.108,1400,,,,0.28659709102843817,15.873181228224311,4.067309675787221,13768,0,64.56114359508082,0.004439157596493925,,
8.133004999998956,1400,,,,0.2875184668710118,15.871090374573019,4.054114256931584,13762,0,64.3432137606061,0.0044685126848146945,,
8.158004999998957,1400,,,,0.2875184668710118,15.87159553575694,4.064167788322047,13772,0,64.50482732569935,0.0044573170534860365,,
8.182,1400,,,,0.2875184668710118,15.871342870291205,4.066505099227263,13775,0,64.54089671362345,0.004454826032968979,,
8.205,1400,,,,0.2875184668710118,15.87228218897886,4.066623010739459,13763,0,64.5465879826515,0.004454433237405043,,
8.229004999998956,1400,,,,0.2875184668710118,15.872120613007223,4.0779098717948745,13760,0,64.72507733410107,0.004442149452937459,,
8.251,1400,,,,0.2875184668710118,15.87094307765662,4.092834225932667,13769,0,64.95713902606215,0.004426279715854687,,
8.275004999998957,1400,,,,0.2868921204896513,15.869384089815918,4.090144491381664,13767,0,64.90807391658039,0.004419975870156984,,
8.298999999998138,1400,,,,0.2868921204896513,15.868631804063723,4.083292534632735,13772,0,64.79626578036898,0.004427602687199447,,
8.323,1400,,,,0.2868921204896513,15.86660861539164,4.067018210770145,13763,0,64.52978618196028,0.0044458867364084624,,
8.347004999998957,1400,,,,0.2868921204896513,15.865248325758486,4.064328183532972,13768,0,64.4815759091295,0.004449210746554229,,
8.369999999998138,1400,,,,0.2868921204896513,15.865452805432165,4.076391983194063,13767,0,64.67380462580743,0.004435986442263053,,
8.396,1400,,,,0.2868921204896513,15.863873510696349,4.064791617563242,13765,0,64.48334006836208,0.004449089023389643,,
8.418004999998956,1400,,,,0.2877593818776433,15.864886909593029,4.073432742052942,12895,0,64.62454978650335,0.00445278741327094,,
8.44,1400,,,,0.2877593818776433,15.865970615962794,4.069003293204986,13601,0,64.55868668624615,0.004457330169619897,,
8.464,1400,,,,0.2877593818776433,15.865251098734014,4.076473490865727,13727,0,64.67427552991755,0.004449363823867332,,
8.485999999998137,1400,,,,0.2877593818776433,15.866709799237851,4.0809580231600515,13757,0,64.75137665635192,0.004444065852141461,,
8.51,1400,,,,0.2877593818776433,15.8668835475205,4.078040535025744,13751,0,64.70579427132168,0.004447196500996843,,
8.534004999998958,1400,,,,0.2877593818776433,15.86641393235729,4.0785766015305525,12940,0,64.7123846147108,0.004446743596158998,,
8.560004999998958,1400,,,,0.2877593818776433,15.866312390648933,4.0941239071537385,13615,0,64.95864887692538,0.004429885578791052,,
8.583999999998138,1400,,,,0.2877276328705408,15.866289507257465,4.111842401023166,13742,0,65.2396819428502,0.004410316302930316,,
8.609,1400,,,,0.2877276328705408,15.866454833292853,4.106099129593809,13756,0,65.14923638072327,0.004416439069049094,,
8.634,1400,,,,0.2877276328705408,15.86673042142824,4.1097534476210456,13762,0,65.20835005193844,0.004412435411130106,,
8.658004999998957,1400,,,,0.2877276328705408,15.865661661029115,4.104831097454134,13758,0,65.12586136787813,0.004418024219983001,,
8.682999999998138,1400,,,,0.2877276328705408,15.8653377370688,4.09653024505085,13759,0,64.99283588784895,0.00442706690575929,,
8.712004999998957,1400,,,,0.2877276328705408,15.864319963992958,4.097706853702449,13746,0,65.00733264578253,0.00442607966147966,,
8.734,1400,,,,0.2877158666268291,15.864737810047185,4.103115282276174,13760,0,65.09484815770924,0.004419948348750463,,
8.758004999998956,1400,,,,0.2877158666268291,15.86257069381723,4.086730244565835,13768,0,64.82604741098653,0.004438275633292241,,
8.780999999998137,1400,,,,0.2877158666268291,15.858352956370712,4.125045270685227,13789,0,65.41642386353409,0.004398220655213991,,
8.804,1400,,,,0.2877158666268291,15.859515035382316,4.1105178299758665,13819,0,65.19081932770935,0.004413441487527607,,
8.827,1400,,,,0.2877158666268291,15.860098619066337,4.10478901662049,13782,0,65.1023586140613,0.004419438446653851,,
8.851,1400,,,,0.2877158666268291,15.86020972522439,4.09439851482495,13775,0,64.93801914377097,0.0044306227756937605,,
8.877,1400,,,,0.2877112073348359,15.860266601385721,4.0736324045743615,13759,0,64.60889597259334,0.004453120626869728,,
8.899004999998956,1400,,,,0.2877112073348359,15.861761813688792,4.0658113553327375,13747,0,64.49093129767908,0.004461266127586378,,
8.923,1400,,,,0.2877112073348359,15.858962636851167,4.110307771656059,13765,0,65.18521737665242,0.004413749296445336,,
8.947,1400,,,,0.2877112073348359,15.859738383547882,4.0860737465123,13777,0,64.80406063556842,0.004439709556979867,,
8.972004999998957,1400,,,,0.2877112073348359,15.860763609464584,4.094464467717316,13764,0,64.94133302981658,0.00443032493963034,,
8.994999999998138,1400,,,,0.2877112073348359,15.861236862236511,4.0969173558641465,13762,0,64.98217658636894,0.004427540326422183,,
9.021,1400,,,,0.2880256914216186,15.859751449254581,4.078538750370124,13757,0,64.68461085702354,0.004452769949536527,,
9.047,1400,,,,0.2880256914216186,15.859709028459761,4.07436368919087,13749,0,64.61822258668906,0.004457344691510442,,
9.071,1400,,,,0.2880256914216186,15.858670187938285,4.079890855480904,13754,0,64.70164347985704,0.004451597763684117,,
9.096004999998957,1400,,,,0.2880256914216186,15.860550047095355,4.1055368170812,13766,0,65.11607215750894,0.004423265744974831,,
9.119999999998138,1400,,,,0.2880256914216186,15.859585097363718,4.102066624358673,13765,0,65.05707470407191,0.004427277013787882,,
9.144,1400,,,,0.2880256914216186,15.860331317474143,4.098776612150017,13743,0,65.00795506501348,0.0044306222389793445,,
9.168004999998956,1400,,,,0.28816112673697414,15.859570490501419,4.103012905333855,13743,0,65.0720223955793,0.0044283413382361775,,
9.190999999998137,1400,,,,0.28816112673697414,15.858712570986398,4.102745273304929,13752,0,65.06425804131591,0.004428869788294387,,
9.216,1400,,,,0.28816112673697414,15.857893437770631,4.102384460672461,13758,0,65.05517561811003,0.004429488107580421,,
9.239004999998956,1400,,,,0.28816112673697414,15.85819897026283,4.105098538239046,13757,0,65.09946941192989,0.0044264742760586435,,
9.262999999998137,1400,,,,0.28816112673697414,15.85802808347433,4.109332991745699,13753,0,65.16591798745088,0.004421960675708825,,
9.286,1400,,,,0.28816112673697414,15.85924994934292,4.096908407315698,13744,0,64.97389445118407,0.004435029317097103,,
9.309,1400,,,,0.28816112673697414,15.859970857438203,4.103385377888404,13751,0,65.07957251014814,0.004427827590478409,,
9.333999999998138,1400,,,,0.287863347555096,15.859636865872465,4.097059851636843,13755,0,64.97788146470565,0.0044301744080630905,,
9.359,1400,,,,0.287863347555096,15.859606759018448,4.093260125370339,13754,0,64.91749595074413,0.004434295305744866,,0.14099500000011175,24462,
9.383004999998956,1400,,,,0.287863347555096,15.85884724234112,4.098586645081382,13738,0,64.99885951384502,0.004428744591953648,,
9.405999999998137,1000,,,,0.287863347555096,15.857718591311475,4.103201124951875,13750,0,65.06740876303951,0.004424078859562825,,
9.429,1000,,,,0.287863347555096,15.858209461237184,4.102342209262506,13753,0,65.05580203615932,0.004424868167716936,,
9.452,1000,,,,0.287863347555096,15.901636695760422,3.5434769970617888,13753,0,56.34708384706068,0.005108753246865894,,
9.476,1000,,,,0.286788028248778,15.97319918445357,2.8032444152877347,8028,0,44.77678140809807,0.006404837936764057,,
9.499004999998958,1000,,,,0.286788028248778,16.01913554856422,2.3395098993183643,5481,0,37.4769261943887,0.007652389279772839,,
9.523,1000,,,,0.286788028248778,16.053781139972653,1.9840540717822088,4231,0,31.85156983826317,0.009003889908881686,,
9.547,1000,,,,0.286788028248778,16.08115921418028,1.714637458200947,4016,0,27.57335795992681,0.010400910497211681,,
9.571,1000,,,,0.286788028248778,16.106812366398295,1.4559004988870652,3979,0,23.449916159719628,0.0122298103880388,,
9.595004999998958,1000,,,,0.286788028248778,16.12623611869236,1.2647271739683925,3973,0,20.39528903314081,0.01406148389379376,,
9.619,1000,,,,0.282499031067871,16.14497381403878,1.08558910053436,3971,0,17.526807600933157,0.01611811103881977,,
9.643,1000,,,,0.282499031067871,16.160490799472058,0.9402374405400765,3971,0,15.194698507167063,0.018591947114621678,,
9.666,1000,,,,0.282499031067871,16.172533744605456,0.8178532057673833,3971,0,13.226758568406757,0.021358145278514727,,
9.69,1000,,,,0.282499031067871,16.183522677660058,0.710898614262846,3971,0,11.504843845439877,0.024554790561528903,,
9.715,1000,,,,0.282499031067871,16.1930931153704,0.6175233828550191,3971,0,9.999613639489848,0.028250994613656225,,
9.736999999998137,1000,,,,0.282499031067871,16.20132309830611,0.5359297310382904,3971,0,8.682770730539636,0.03253558568283348,,
9.762,1000,,,,0.12464211896779147,16.20857630858518,0.4709799928799573,3971,0,7.633915154411692,0.016327417379764814,,
9.784004999998958,1000,,,,0.12464211896779147,16.215112264077753,0.41793496312691886,3971,0,6.776862346186185,0.018392304963658634,,
9.809,1000,,,,0.12464211896779147,16.220865920012884,0.3667431769095547,3971,0,5.9488918997294515,0.020952157320838195,,
9.833999999998138,1000,,,,0.12464211896779147,16.226046299527383,0.3193353322304557,3971,0,5.181549885846333,0.02405498773798507,,
9.858,1000,,,,0.12464211896779147,16.23047231811199,0.28068460837812115,3971,0,4.5556437664012,0.027359935359092924,,
9.885,1000,,,,0.12464211896779147,16.23459044549921,0.2444134829778741,3971,0,3.967952795503779,0.031412198025396784,,
